RD|date|age|age_unit|race|gender|stnumber|stdir|st
F289698|15-May-00|15||BLACK|F|10XX|W|87 ST
F328277|31-May-00|28||BLACK|M|79XX|S|VINCENNES AV
F382937|25-Jun-00|46||HISPANIC|M|77XX|S|SANGAMON ST
F383892|26-Jun-00|18||BLACK|M|61XX|S|MAPLEWOOD AV
F582625|19-Sep-00|7|Y|HISPANIC|M|38XX|N|CHRISTIANA AV
F699151|9-Nov-00|16|Y|HISPANIC|F|41XX|N|CENTRAL AV
G147411|11-Mar-01|31|Y|WHITE|M|50XX|N|GLENWOOD AV
G147411|11-Mar-01|||WHITE|M|50XX|N|GLENWOOD AV
G162104|21-Mar-01|15|Y|BLACK|F|44XX|W|THOMAS ST
G165519|22-Mar-01|2|M|BLACK|F|49XX|S|CALUMET AV
G394774|6-Jul-01|3|Y|BLACK|F|35XX|S|LAKE PARK AV
G587413|29-Sep-01|33|Y|BLACK|F|57XX|N|SHERIDAN RD
HL417378|21-Nov-01|48|Y|BLACK|F|14XX|W|51ST ST
G765591|22-Dec-01|74|Y|BLACK|M|101XX|S|RACINE AV
HH783786|16-Nov-02|19|Y|BLACK|M|51XX|S|ELIZABETH ST
HJ543138|30-Jul-03|22|Y|HISPANIC|M|40XX|S|RICHMOND ST
HJ541531|1-Aug-03|47|Y|BLACK|M|27XX|S|INDIANA AVE
HJ544156|2-Aug-03|39|Y|BLACK|F|57XX|S|CALUMET AVE
HJ543785|3-Aug-03|16|Y|BLACK|M|53XX|S|EMERALD AVE
HJ543822|5-Aug-03|14|Y|BLACK|F|46XX|S|WASHTENAW AVE
HJ547256|6-Aug-03|14|Y|HISPANIC|F|48XX|S|BISHOP ST
HJ550499|8-Aug-03|18|Y|WHITE|M|51XX|S|ELIZABETH ST
HJ554007|10-Aug-03|17|Y|BLACK|F|57XX|S|WOOD ST
HJ561178|13-Aug-03|13|Y|BLACK|F|68XX|S|NORMAL BLVD
HJ561011|14-Aug-03|13|Y|BLACK|F|43XX|S|LAKE PARK AVE
HJ822460|4-Dec-03|50|Y|BLACK|M|17XX|N|MENARD AVE
HS482196|1-Mar-04|61|Y|BLACK|M|33XX|N|BROADWAY
HK595328|31-Aug-04|16|Y|BLACK|F|24XX|E|79TH ST
HL142961|21-Jan-05|20|Y|BLACK|M|46XX|S|LEAMINGTON AVE
HM174001|11-Feb-05|18|Y|WHITE|F|8XX|W|MONTROSE AVE
HL415443|8-Jun-05|17|Y|HISPANIC|F|50XX|S|LARAMIE AVE
HL464078|30-Jun-05|17|Y|BLACK|F|58XX|S|MICHIGAN AVE
HL547965|13-Aug-05|16|Y|BLACK|F|99XX|S|PAXTON AVE
HL677665|10-Oct-05|25|Y|WHITE|F|27XX|W|LAWRENCE AVE
HL779187|28-Nov-05|59|Y|HISPANIC|M|28XX|N|LINDER AVE
HM104353|31-Dec-05|20|Y|WHITE|F|57XX|N|SHERIDAN RD
HM264421|31-Mar-06|15|Y|HISPANIC|F|22XX|S|AVERS AVE
HM372030|24-May-06|16|Y|HISPANIC|M|24XX|S|OAKLEY AVE
HM488415|14-Jul-06|53|Y|WHITE|F|55XX|S|FRANCISCO AVE
HM515904|30-Jul-06|27|Y|HISPANIC|F|49XX|N|KEDZIE AVE
HM582726|5-Sep-06|26|Y|HISPANIC|M|20XX|W|18TH PL
HN248318|12-Nov-06|65|Y|WHITE|M|58XX|W|CORNELIA AVE
HN220424|26-Feb-07|48|Y|WHITE|F|49XX|N|MEADE AVE
HN403546|8-May-07|28|Y|BLACK|F|63XX|S|ROCKWELL ST
HN389421|6-Jun-07|81|Y|||124XX|S|NORMAL AVE
HN597135|18-Sep-07|15|Y|BLACK|F|46XX|S|EVANS AVE
HN658735|19-Oct-07|14|Y|BLACK|F|89XX|S|LOWE AVE
HN679857|30-Oct-07|42|Y|BLACK|F|73XX|S|MORGAN ST
HN777987|20-Dec-07|41|Y|WHITE|M|37XX|N|PULASKI RD
HP113872|8-Jan-08|16|Y|BLACK|M|39XX|W|OHIO ST
HP117360|10-Jan-08|17|Y|HISPANIC|F|30XX|W|53RD PL
HP127767|15-Jan-08|15|Y|BLACK|F|48XX|W|CONGRESS PKWY
HP127767B|15-Jan-08|19|Y|BLACK|F|48XX|W|CONGRESS PKWY
HP173126|29-Jan-08|16|Y|BLACK|F|23XX|W|WASHINGTON BLVD
HP153504|31-Jan-08|16|Y|BLACK|F|14XX|S|LAWNDALE AVE
HP158169|3-Feb-08|15|Y|BLACK|F|64XX|S|ARTESIAN AVE
HP168680|9-Feb-08|50|Y|BLACK|F|39XX|W|VAN BUREN ST
HP169128|10-Feb-08|4|Y|HISPANIC|M|9XX|W|ADAMS ST
HP187272|15-Feb-08|13|Y|BLACK|F|19XX|S|TROY ST
HP186635|21-Feb-08|2|Y|BLACK|M|19XX|S|TROY ST
HP192847|24-Feb-08|16|Y|BLACK|F|12XX|S|KEDZIE AVE
HP198700|27-Feb-08|15|Y|HISPANIC|F|78XX|S|KENTON AVE
ZZ212547|5-Mar-08|20|Y|HISPANIC|F|58XX|S|SACRAMENTO AVE
HP242181|24-Mar-08|13|Y|BLACK|M|39XX|W|OHIO ST
HP255855|1-Apr-08|7|Y|BLACK|F|14XX|S|BLUE ISLAND AVE
HP259676|3-Apr-08|8|Y|BLACK|F|42XX|W|WILCOX ST
HP265081|6-Apr-08|16|Y|BLACK|F|44XX|W|THOMAS ST
HP267541|6-Apr-08|39|Y|BLACK|M|31XX|W|HURON ST
HP279807|11-Apr-08|39|Y|BLACK|M|30XX|W|VAN BUREN ST
HP278110|13-Apr-08|14|Y|HISPANIC|F|26XX|W|DIVISION ST
HP286488|18-Apr-08|13|Y|BLACK|F|21XX|S|ST LOUIS AVE
HP286752|18-Apr-08|13|Y|BLACK|M|30XX|W|ARTHINGTON ST
HP304435|26-Apr-08|6|M|BLACK|M|29XX|W|HARRISON ST
HP304492|26-Apr-08|23|Y|BLACK|F|29XX|W|HARRISON ST
HP306296|28-Apr-08|9|Y|BLACK|M|23XX|S|KOSTNER AVE
HP310096|30-Apr-08|16|Y|HISPANIC|M|18XX|W|RACE AVE
HP310171|30-Apr-08|13|Y|BLACK|F|3XX|N|AVERS AVE
HP357238|25-May-08|13|Y|BLACK|F|11XX|W|GARFIELD BLVD
HP370077|30-May-08|17|Y|BLACK|F|16XX|W|GRAND AVE
HP370305|1-Jun-08|||||16XX|W|GRAND AVE
HP389433|7-Jun-08|38|Y|WHITE|M|10XX|W|WASHINGTON BLVD
HP390316|11-Jun-08|17|Y|BLACK|M|16XX|S|KARLOV AVE
HP395750|14-Jun-08|14|Y|BLACK|F|14XX|E|67TH PL
HP447389|11-Jul-08|18|Y|BLACK|F|16XX|W|GRAND AVE
HP447391|11-Jul-08|1|M|BLACK|F|16XX|W|GRAND AVE
HP447392|11-Jul-08|15|Y|BLACK|F|16XX|W|GRAND AVE
HP482930|29-Jul-08|16|Y|BLACK|F|44XX|W|THOMAS ST
HP675617|10-Nov-08||U|UNKNOWN|X|44XX|W|WASHINGTON BLVD
HP722188|7-Dec-08|16|Y|BLACK|M|15XX|S|CENTRAL PARK AVE
HR131055|20-Jan-09|||||15XX|W|19TH ST
HR147890|31-Jan-09|25|Y|WHITE|F|70XX|N|SHERIDAN RD
HR184041|22-Feb-09|13|Y|BLACK|F|13XX|W|64TH ST
HR194678|1-Mar-09|14|Y|BLACK|M|52XX|S|CARPENTER ST
HR194971|2-Mar-09|18|Y|UNKNOWN|M|30XX|S|ARCHER AVE
HR214220|13-Mar-09|15|Y|BLACK|F|82XX|S|INGLESIDE AVE
HR363794|7-Jun-09|15|Y|BLACK|M|48XX|N|FRANCISCO AVE
HR655485|19-Nov-09|36|Y|WHITE|M|56XX|N|KIMBALL AVE
HS193468|5-Mar-10|||||61XX|N|TALMAN AVE
HS308765|6-May-10|58|Y|BLACK|F|77XX|S|RIDGELAND AVE
HS324811|23-May-10|23|Y|WHITE|M|59XX|W|GRAND AVE
HS344228|5-Jun-10|16|Y|BLACK|F|16XX|W|GRAND AVE
HS535196|26-Sep-10|20|Y|HISPANIC|M|50XX|S|MICHIGAN AVE
HS655704|10-Dec-10|16|Y|BLACK|F|44XX|S|DREXEL BLVD
HT261152|19-Apr-11|25|Y|BLACK|M|77XX|S|MICHIGAN AVE
HV293701|19-May-11|44|Y|WHITE|F|60XX|N|KENMORE AVE
HT327308|1-Jun-11|15|Y|HISPANIC|F|20XX|W|CERMAK RD
HT552308|21-Oct-11|53|Y|WHITE|M|17XX|E|72ND PL
HT579387|7-Nov-11|9|Y|BLACK|M|73XX|S|DANTE AVE
HT610215|29-Nov-11|61|Y|WHITE|M|29XX|N|LINDER AVE
HV412954|1-Feb-12|24|Y|BLACK|F|11XX|W|80TH ST
HV219962|29-Mar-12|53|Y|WHITE|M|77XX|S|SOUTH SHORE DR
HV243372|8-Apr-12|28|Y|BLACK|F|64XX|S|LOWE AVE
HV284555|13-May-12|17|Y|BLACK|F|45XX|S|PRINCETON AVE
HV387958|17-Jul-12|10|Y|BLACK|M|101XX|S|WENTWORTH AVE
HV450777|27-Aug-12|21|Y|HISPANIC|F|33XX|N|KILDARE AVE
HV508515|7-Oct-12|15|Y|WHITE|M|48XX|N|FRANCISCO AVE
HZ133882|27-Jan-16|33|Y|BLACK|F|14XX|W|68TH ST
HZ136945|31-Jan-16|16|Y|BLACK|F|68XX|W|SHAKESPEARE AVE
HZ137416|1-Feb-16|46|Y|BLACK|M|54XX|N|BROADWAY
HZ137073|1-Feb-16|15|Y|BLACK|F|74XX|S|COLES AVE
HZ153183|3-Feb-16|60|Y|BLACK|F|102XX|S|UNION AVE
HZ174265|5-Feb-16|45|Y|BLACK|F|51XX|W|JACKSON BLVD
HZ154818|15-Feb-16|15|Y|BLACK|F|68XX|S|DR MARTIN LUTHER KING JR DR
HZ156593|18-Feb-16|16|Y|BLACK|M|13XX|W|82ND ST
HZ160465|20-Feb-16|60|Y|WHITE|M|19XX|W|BELMONT AVE
HZ195736|20-Feb-16|50|Y|BLACK|F|75XX|S|CHAMPLAIN AVE
HZ161519|22-Feb-16|17|Y|HISPANIC|M|16XX|W|MORSE AVE
HZ161522|22-Feb-16|15|Y|HISPANIC|M|16XX|W|MORSE AVE
HZ164588|25-Feb-16|||HISPANIC|M|28XX|N|LAKE SHORE DR
HZ168241|27-Feb-16|14|Y|BLACK|M|38XX|W|TAYLOR ST
HZ171832|29-Feb-16|17|Y|WHITE|F|21XX|N|LECLAIRE AVE
HZ190940|1-Mar-16|16|Y|HISPANIC|F|15XX|W|ELMDALE AVE
HZ172173|2-Mar-16|17|Y|BLACK|F|69XX|S|ARTESIAN AVE
HZ177277|6-Mar-16|17|Y|BLACK|F|131XX|S|BALTIMORE AVE
HZ182418|10-Mar-16|17|Y|WHITE|M|48XX|N|FRANCISCO AVE
HZ189297|14-Mar-16|18|Y|BLACK|F|84XX|S|SANGAMON ST
HZ336349|19-Mar-16|42|Y|BLACK|F|30XX|W|21ST PL
HZ193717|19-Mar-16|18|Y|BLACK|M|48XX|N|FRANCISCO AVE
HZ201493|19-Mar-16|43|Y|WHITE|M|57XX|S|HERMITAGE AVE
HZ236143|19-Mar-16|19|Y|BLACK|F|66XX|S|ALBANY AVE
HZ197186|21-Mar-16|20|Y|BLACK|F|55XX|N|ARTESIAN AVE
HZ260253|21-Mar-16|60|Y|BLACK|M|14XX|S|CANAL ST
HZ200322|22-Mar-16|16|Y|BLACK|F|10XX|S|DAMEN AVE
HZ197420|22-Mar-16|14|Y|BLACK|F|18XX|N|KEDZIE AVE
HZ200840|23-Mar-16|18|Y|BLACK|F|6XX|N|PARKSIDE AVE
HZ265759|15-May-16|40|Y|BLACK|M|3XX|N|CENTRAL AVE
HZ267491|16-May-16|49|Y|BLACK|M|23XX|S|LAWNDALE AVE
HZ269361|16-May-16|15|Y|BLACK|M|43XX|W|FLOURNOY ST
HZ268839|17-May-16|17|Y|BLACK|M|97XX|S|MICHIGAN AVE
HZ269554|17-May-16|1|Y|BLACK|M|33XX|W|ROOSEVELT RD
HZ269631|17-May-16|19|Y|BLACK|F|33XX|W|ROOSEVELT RD
HZ297378|17-May-16|41|Y|WHITE|M|45XX|N|MAGNOLIA AVE
HZ270276|18-May-16|13|Y|BLACK|F|109XX|S|RACINE AVE
HZ336434|18-May-16|59|Y|WHITE|M|24XX|W|ESTES AVE
HZ273372|19-May-16|16|Y|BLACK|M|47XX|S|ELLIS AVE
HZ272894|20-May-16|33|Y|BLACK|F|46XX|N|GREENVIEW AVE
HZ273769|20-May-16|31|Y|BLACK|M|45XX|N|HAZEL ST
HZ328678|20-May-16|23|Y|BLACK|M|5XX|W|WILSON DR
HZ279902|20-May-16|6|Y|BLACK|M|65XX|S|DREXEL AVE
HZ279919|20-May-16|21|Y|BLACK|F|65XX|S|DREXEL AVE
HZ272955|20-May-16|17|Y|HISPANIC|F|63XX|W|GRACE ST
HZ287590|21-May-16|16|Y|HISPANIC|M|51XX|S|KILBOURN AVE
HZ273440|21-May-16|62|Y|BLACK|F|15XX|S|ALBANY AVE
HZ274100|21-May-16|52|Y||M|53XX|N|WESTERN AVE
HZ273926|21-May-16|16|Y|BLACK|F|61XX|N|TALMAN AVE
HZ274018|21-May-16|18|Y|HISPANIC|M|62XX|N|SACRAMENTO AVE
HZ286392|22-May-16|17|Y|BLACK|M|63XX|S|DREXEL AVE
HZ275273|22-May-16|15|Y|BLACK|F|14XX|N|CAMPBELL AVE
HZ281134|24-May-16|15|Y|BLACK|F|49XX|S|CALUMET AVE
HZ279328|25-May-16|17|Y|BLACK|F|13XX|W|103RD ST
HZ283530|27-May-16|16|Y|WHITE|M|57XX|N|BERNARD ST
HZ283774|27-May-16|17|Y|BLACK|F|93XX|S|SOUTH CHICAGO AVE
HZ283499|27-May-16|13|Y|BLACK|F|33XX|W|LEXINGTON ST
HZ324330|28-May-16|24|Y|WHITE|M|16XX|W|JONQUIL TER
HZ297690|7-Jun-16|72|Y|WHITE|F|52XX|N|SAWYER AVE
HZ326722|7-Jun-16|31|Y|WHITE|F|9XX|W|WASHINGTON BLVD
HZ297820|7-Jun-16|27|Y|BLACK|M|3XX|N|CENTRAL AVE
HZ316172|8-Jun-16|31|Y|BLACK|M|20XX|N|CLARK ST
HZ302701|8-Jun-16|17|Y|BLACK|F|33XX|W|FULTON BLVD
HZ300942|9-Jun-16|18|Y|BLACK|F|65XX|S|HARVARD AVE
HZ304092|10-Jun-16|60|Y|BLACK|M|99XX|S|PERRY AVE
HZ332724|10-Jun-16|57|Y|BLACK|F|34XX|S|RHODES AVE
HZ301818|10-Jun-16|15|Y|BLACK|F|16XX|S|HOMAN AVE
HZ307585|11-Jun-16|16|Y|BLACK|F|60XX|S|PRAIRIE AVE
HZ307530|11-Jun-16|33|Y|BLACK|M|45XX|N|HAZEL ST
HZ306090|12-Jun-16|16|Y|WHITE|F|6XX|W|47TH ST
HZ305023|12-Jun-16|14|Y|HISPANIC|M|96XX|S|AVENUE N
HZ305460|12-Jun-16|15|Y|BLACK|F|6XX|E|105TH PL
HZ305412|13-Jun-16|15|Y|BLACK|M|2XX|N|MAPLEWOOD AVE
HZ305896|13-Jun-16|90|Y|BLACK|M|14XX|S|FAIRFIELD AVE
HZ306487|14-Jun-16|15|Y|WHITE|F|32XX|N|DRAKE AVE
HZ313026|14-Jun-16|17|Y|BLACK|F|81XX|S|MARYLAND AVE
HZ307362|14-Jun-16|15|Y|BLACK|M|57XX|W|ROOSEVELT RD
HZ315647|14-Jun-16|15|Y|BLACK|F|XX|S|MICHIGAN AVE
HZ307927|14-Jun-16|16|Y|HISPANIC|F|36XX|W|66TH PL
HZ310127|14-Jun-16|24|Y|WHITE|M|6XX|W|FULTON ST
HZ308556|15-Jun-16|18|Y|BLACK|M|11XX|S|HAMILTON AVE
HZ309461|15-Jun-16|15|Y|BLACK|M|79XX|S|ST LAWRENCE AVE
HZ309454|15-Jun-16|16|Y|BLACK|F|16XX|W|GRAND AVE
HZ310825|16-Jun-16|13|Y|BLACK|F|12XX|S|ST LOUIS AVE
HZ314728|17-Jun-16|24|Y|BLACK|M|7XX|S|KENNETH AVE
HZ335196|17-Jun-16|17|Y|BLACK|F|36XX|W|FILLMORE ST
HZ366643|17-Jun-16|59|Y|BLACK|M|2XX|W|69TH ST
HZ326719|17-Jun-16|5|Y|BLACK|M|15XX|S|DRAKE AVE
HZ326721|17-Jun-16|3|Y|BLACK|M|15XX|S|DRAKE AVE
HZ326816|17-Jun-16|27|Y|BLACK|M|15XX|S|DRAKE AVE
HZ312693|17-Jun-16|65|Y|BLACK|F|20XX|W|52ND ST
HZ346903|17-Jun-16|19|Y|BLACK|M|66XX|N|TALMAN AVE
HZ314538|18-Jun-16|20|Y|BLACK|F|25XX|W|FITCH AVE
HZ318037|18-Jun-16|16|Y|HISPANIC|F|45XX|W|WRIGHTWOOD AVE
HZ313798|18-Jun-16|15|Y|BLACK|M|54XX|N|WESTERN AVE
HZ313706|18-Jun-16|17|Y|BLACK|F|54XX|S|HONORE ST
HZ314690|19-Jun-16|17|Y|BLACK|M|48XX|N|FRANCISCO AVE
HZ314844|19-Jun-16|14|Y|WHITE|M|60XX|N|TALMAN AVE
HZ314872|19-Jun-16|11|Y|BLACK|M|17XX|N|LINDER AVE
HZ314987|19-Jun-16|75|Y|HISPANIC|M|50XX|N|DAMEN AVE
HZ316436|20-Jun-16|19|Y|BLACK|M|20XX|W|ARTHUR AVE
HZ317585|20-Jun-16|16|Y|HISPANIC|M|27XX|W|ARTHUR AVE
HZ316411|20-Jun-16|75|Y|WHITE|M|61XX|W|BYRON ST
HZ316570|20-Jun-16|48|Y|WHITE|F|42XX|N|TROY ST
HZ316600|20-Jun-16|52|Y|HISPANIC|M|20XX|N|CLARK ST
HZ336308|20-Jun-16|16|Y|BLACK|F|16XX|W|GRAND AVE
HZ318495|20-Jun-16|22|Y|HISPANIC|M|9XX|N|FRANCISCO AVE
HZ318041|21-Jun-16|14|Y|HISPANIC|F|24XX|N|NEW ENGLAND AVE
HZ317275|21-Jun-16|16|Y|BLACK|M|36XX|W|FILLMORE ST
HZ321585|21-Jun-16|16|Y|BLACK|F|20XX|S|CLARK ST
HZ318157|21-Jun-16|19|Y|BLACK|M|65XX|S|HARVARD AVE
HZ319725|21-Jun-16|17|Y|BLACK|M|63XX|S|LANGLEY AVE
HZ318189|21-Jun-16|18|Y|BLACK|F|61XX|N|MOZART ST
HZ318648|22-Jun-16|18|Y|BLACK|F|47XX|W|CONGRESS PKWY
HZ345939|22-Jun-16|56|Y|BLACK|M|50XX|S|MAY ST
HZ325438|22-Jun-16|16|Y|HISPANIC|M|53XX|S|CHRISTIANA AVE
HZ326147|23-Jun-16|30|Y|WHITE|M|62XX|N|NORTHWEST HWY
HZ348816|23-Jun-16|19|Y|BLACK|M|14XX|S|CANAL ST
HZ323590|24-Jun-16|16|Y|HISPANIC|M|50XX|W|WINNEMAC AVE
HZ323187|24-Jun-16|16|Y|HISPANIC|F|17XX|N|KEELER AVE
HZ328338|24-Jun-16|37|Y|BLACK|M|76XX|N|SHERIDAN RD
HZ321200|24-Jun-16|16|Y|WHITE|F|50XX|S|MICHIGAN AVE
HZ324644|24-Jun-16|61|Y|WHITE|M|42XX|W|IRVING PARK RD
HZ322828|24-Jun-16|16|Y|HISPANIC|F|58XX|S|ST LOUIS AVE
HZ331690|24-Jun-16|19|Y|BLACK|F|36XX|W|CERMAK RD
HZ323611|24-Jun-16|60|Y|BLACK|M|20XX|W|BALMORAL AVE
HZ331729|24-Jun-16|6|M|BLACK|M|36XX|W|CERMAK RD
HZ325873|24-Jun-16|13|Y|WHITE|M|34XX|W|BYRON ST
HZ336464|24-Jun-16|20|Y|BLACK|M|65XX|S|HARVARD AVE
HZ324433|25-Jun-16|20|Y|WHITE|F|55XX|N|ARTESIAN AVE
HZ323595|25-Jun-16|17|Y|HISPANIC|F|53XX|W|GRAND AVE
HZ323498|25-Jun-16|18|Y|BLACK|F|16XX|W|GRAND AVE
HZ324749|26-Jun-16|16|Y|BLACK|M|11XX|S|RICHMOND ST
HZ331379|26-Jun-16|32|Y|WHITE|M|35XX|N|ODELL AVE
HZ324685|26-Jun-16|57|Y|BLACK|M|3XX|N|CENTRAL AVE
HZ326258|26-Jun-16|27|Y|HISPANIC|M|63XX|W|BARRY AVE
HZ324889|26-Jun-16|18|Y|BLACK|F|44XX|N|KIMBALL AVE
HZ326053|27-Jun-16|17|Y|HISPANIC|M|48XX|N|FRANCISCO AVE
HZ327727|27-Jun-16|16|Y|HISPANIC|F|43XX|N|MARMORA AVE
HZ326675|27-Jun-16|15|Y|BLACK|F|62XX|S|LANGLEY AVE
HZ338747|27-Jun-16|12|Y|BLACK|F|69XX|S|CORNELL AVE
HZ325752|27-Jun-16|16|Y|HISPANIC|F|41XX|N|BERNARD ST
HZ326451|27-Jun-16|20|Y|BLACK|M|20XX|W|ARTHUR AVE
HZ325965|27-Jun-16|17|Y|BLACK|M|66XX|S|EVANS AVE
HZ326452|27-Jun-16|12|Y|BLACK|F|41XX|W|21ST PL
HZ326914|27-Jun-16|70|Y|WHITE|F|76XX|N|SHERIDAN RD
HZ330897|28-Jun-16|19|Y|BLACK|M|24XX|E|72ND ST
HZ327247|28-Jun-16|17|Y|BLACK|M|4XX|N|HARDING AVE
HZ327444|28-Jun-16|15|Y|BLACK|M|48XX|N|FRANCISCO AVE
HZ328496|28-Jun-16|15|Y|HISPANIC|F|49XX|N|SPAULDING AVE
HZ328822|28-Jun-16|17|Y|HISPANIC|M|62XX|N|CLAREMONT AVE
HZ328253|28-Jun-16|15|Y|HISPANIC|M|24XX|S|CHRISTIANA AVE
HZ329225|29-Jun-16|16|Y|BLACK|M|47XX|S|VINCENNES AVE
HZ332498|29-Jun-16|22|Y|BLACK|M|7XX|E|79TH ST
HZ340809|29-Jun-16|20|Y|WHITE|M|44XX|W|FULTON ST
HZ330656|29-Jun-16|17|Y|WHITE|M|24XX|N|KEDZIE BLVD
HZ332411|29-Jun-16|16|Y|BLACK|M|66XX|S|DREXEL AVE
HZ330347|29-Jun-16|15|Y|HISPANIC|F|47XX|S|CAMPBELL AVE
HZ333968|30-Jun-16|13|Y|HISPANIC|F|21XX|N|KEYSTONE AVE
HZ330442|30-Jun-16|61|Y|BLACK|M|24XX|N|RIDGEWAY AVE
HZ330475|30-Jun-16|14|Y|BLACK|M|24XX|W|HARRISON ST
HZ346699|30-Jun-16|16|Y|BLACK|F|21XX|S|TRUMBULL AVE
HZ333991|30-Jun-16|57|Y|BLACK|F|45XX|N|HAZEL ST
HZ332473|30-Jun-16|14|Y|BLACK|M|XX|N|MENARD AVE
HZ331242|30-Jun-16|15|Y|BLACK|F|47XX|W|MONROE ST
HZ330550|30-Jun-16|25|Y|BLACK|M|46XX|N|SHERIDAN RD
HZ331688|1-Jul-16|14|Y|HISPANIC|M|66XX|W|DIVERSEY AVE
HZ336318|1-Jul-16|38|Y|BLACK|F|70XX|S|WALLACE ST
HZ331912|1-Jul-16|19|Y|HISPANIC|M|20XX|W|ARTHUR AVE
HZ334550|1-Jul-16|20|Y|WHITE|M|73XX|N|WINCHESTER AVE
HZ332881|1-Jul-16|20|Y|BLACK|F|58XX|N|GLENWOOD AVE
HZ333226|1-Jul-16|15|Y|BLACK|M|30XX|W|JACKSON BLVD
HZ335166|1-Jul-16|33|Y|BLACK|M|46XX|N|SHERIDAN RD
HZ340111|1-Jul-16|21|Y|BLACK|M|11XX|W|JACKSON BLVD
HZ331726|1-Jul-16|16|Y|BLACK|M|48XX|N|FRANCISCO AVE
HZ331740|1-Jul-16|80|Y|BLACK|F|14XX|N|LAWLER AVE
HZ334359|1-Jul-16|17|Y|HISPANIC|F|14XX|N|WESTERN AVE
HZ331720|1-Jul-16|75|Y|HISPANIC|F|23XX|N|MOODY AVE
HZ331925|1-Jul-16|16|Y|BLACK|M|36XX|W|FILLMORE ST
HZ331926|1-Jul-16|15|Y|BLACK|F|36XX|W|FILLMORE ST
HZ332112|1-Jul-16|17|Y|BLACK|F|44XX|N|KIMBALL AVE
HZ340421|1-Jul-16|18|Y|BLACK|F|13XX|N|LAVERGNE AVE
HZ332251|1-Jul-16|15|Y|WHITE|F|59XX|W|FULLERTON AVE
HZ332104|2-Jul-16|13|Y|HISPANIC|M|54XX|W|WINDSOR AVE
HZ336310|2-Jul-16|61|Y|WHITE|M|45XX|N|HAZEL ST
HZ339387|2-Jul-16|36|Y|HISPANIC|M|48XX|W|IRVING PARK RD
HZ333259|2-Jul-16|19|Y|BLACK|M|16XX|W|JUNEWAY TER
HZ332756|2-Jul-16|76|Y|WHITE|M|74XX|N|SHERIDAN RD
HZ333370|2-Jul-16|43|Y|BLACK|F|24XX|N|CENTRAL AVE
HZ333335|2-Jul-16|13|Y|BLACK|F|34XX|W|FRANKLIN BLVD
HZ333293|2-Jul-16|16|Y|HISPANIC|M|52XX|S|KEDZIE AVE
HZ333346|2-Jul-16|24|Y|BLACK|F|49XX|W|DIVERSEY AVE
HZ333400|3-Jul-16|16|Y|HISPANIC|M|25XX|W|TOUHY AVE
HZ336600|3-Jul-16|15|Y|BLACK|F|44XX|W|JACKSON BLVD
HZ339240|3-Jul-16|17|Y|HISPANIC|M|109XX|S|BUFFALO AVE
HZ337382|3-Jul-16|17|Y|BLACK|F|14XX|E|59TH ST
HZ345328|4-Jul-16|26|Y|WHITE|F|46XX|S|SPAULDING AVE
HZ354040|4-Jul-16|17|Y|WHITE|M|51XX|S|RIDGEWAY AVE
HZ336944|4-Jul-16|41|Y|BLACK|M|55XX|N|KENMORE AVE
HZ338788|4-Jul-16|15|Y|HISPANIC|F|58XX|N|RIDGE AVE
HZ335638|4-Jul-16|35|Y|BLACK|F|51XX|W|JACKSON BLVD
HZ335597|4-Jul-16|16|Y|WHITE|F|66XX|N|MOZART ST
HZ342766|4-Jul-16|16|Y|BLACK|F|82XX|S|MARSHFIELD AVE
HZ341664|8-Jul-16|14|Y|BLACK|F|6XX|N|RIDGEWAY AVE
HZ341469|8-Jul-16|25|Y|BLACK|M|20XX|W|LUNT AVE
HZ341463|8-Jul-16|24|Y|BLACK|F|75XX|N|ROGERS AVE
HZ344653|9-Jul-16|15|Y|HISPANIC|F|23XX|N|AUSTIN AVE
HZ347028|9-Jul-16|||||45XX|N|MALDEN ST
HZ346551|9-Jul-16|21|Y|BLACK|F|48XX|W|ADAMS ST
HZ343253|9-Jul-16|14|Y|WHITE|M|25XX|S|TROY ST
HZ343641|9-Jul-16|14|Y|WHITE|F|61XX|N|LEAVITT ST
HZ347211|9-Jul-16|15|Y|BLACK|M|48XX|N|FRANCISCO AVE
HZ343732|9-Jul-16|20|Y|BLACK|F|58XX|N|GLENWOOD AVE
HZ344053|9-Jul-16|18|Y|HISPANIC|F|58XX|N|GLENWOOD AVE
HZ353769|9-Jul-16|14|Y|BLACK|M|5XX|W|123RD ST
HZ342860|9-Jul-16|14|Y|WHITE|M|48XX|N|RIDGEWAY AVE
HZ344044|10-Jul-16|16|Y|BLACK|M|85XX|S|MANISTEE AVE
HZ344019|10-Jul-16|18|Y|BLACK|M|67XX|S|PERRY AVE
HZ343709|10-Jul-16|39|Y|BLACK|F|3XX|N|CENTRAL AVE
HZ348114|10-Jul-16|47|Y|BLACK|F|46XX|N|SHERIDAN RD
HZ343832|10-Jul-16|45|Y|BLACK|M|34XX|W|HURON ST
HZ344387|10-Jul-16|17|Y|BLACK|M|14XX|W|51ST ST
HZ353611|10-Jul-16|14|Y|BLACK|F|48XX|W|JACKSON BLVD
HZ344232|10-Jul-16|19|Y|BLACK|M|73XX|N|WINCHESTER AVE
HZ344234|10-Jul-16|17|Y|BLACK|M|73XX|N|WINCHESTER AVE
HZ344037|11-Jul-16|14|Y|BLACK|M|85XX|S|MANISTEE AVE
HZ348085|11-Jul-16|43|Y|BLACK|M|67XX|S|JEFFERY BLVD
HZ345481|11-Jul-16|20|Y|WHITE|M|83XX|W|BERWYN AVE
HZ346029|11-Jul-16|19|Y|BLACK|M|80XX|S|MANISTEE AVE
HZ345146|11-Jul-16|18|Y|WHITE|M|48XX|N|FRANCISCO AVE
HZ344969|11-Jul-16|14|Y|BLACK|F|15XX|N|LOREL AVE
HZ350622|11-Jul-16|16|Y|BLACK|F|68XX|S|EMERALD AVE
HZ360187|22-Jul-16|61|Y|HISPANIC|M|24XX|N|RIDGEWAY AVE
HZ360237|22-Jul-16|18|Y|BLACK|F|6XX|N|PINE AVE
HZ361647|22-Jul-16|20|Y|BLACK|F|55XX|N|ARTESIAN AVE
HZ361658|22-Jul-16|15|Y|BLACK|F|27XX|W|87TH ST
HZ362695|22-Jul-16|21|Y|BLACK|F|4XX|N|LOCKWOOD AVE
HZ365567|22-Jul-16|15|Y|BLACK|F|2XX|E|72ND ST
HZ360409|22-Jul-16|55|Y|BLACK|M|11XX|N|ORLEANS ST
HZ360496|22-Jul-16|50|Y|BLACK|M|24XX|N|CENTRAL AVE
HZ364364|22-Jul-16|14|Y|BLACK|M|51XX|S|DR MARTIN LUTHER KING JR DR
HZ360805|22-Jul-16|53|Y|WHITE|M|45XX|N|HAZEL ST
HZ363117|22-Jul-16|19|Y|HISPANIC|M|66XX|N|ASHLAND AVE
HZ361596|22-Jul-16|19|Y|WHITE|F|11XX|S|WESTERN AVE
HZ360473|22-Jul-16|14|Y|WHITE|F|61XX|N|LEAVITT ST
HZ362154|22-Jul-16|||||67XX|S|LOOMIS BLVD
HZ366886|22-Jul-16|37|Y|WHITE|F|23XX|N|NEVA AVE
HZ362078|22-Jul-16|19|Y|BLACK|F|55XX|N|ARTESIAN AVE
HZ360601|22-Jul-16|19|Y|BLACK|F|44XX|N|KIMBALL AVE
HZ360541|22-Jul-16|14|Y|BLACK|F|5XX|E|BOWEN AVE
HZ360553|22-Jul-16|15|Y|BLACK|M|48XX|N|FRANCISCO AVE
HZ360584|22-Jul-16|16|Y|BLACK|M|73XX|N|WINCHESTER AVE
HZ365061|22-Jul-16|15|Y|BLACK|M|53XX|S|CALUMET AVE
HZ361104|22-Jul-16|||WHITE|F|23XX|S|TRUMBULL AVE
HZ361993|22-Jul-16|20|Y|BLACK|F|19XX|W|MELROSE ST
HZ360622|23-Jul-16|40|Y|BLACK|M|3XX|N|CENTRAL AVE
HZ362027|23-Jul-16|1|M|WHITE|M|28XX|N|HARDING AVE
HZ362905|23-Jul-16|15|Y|BLACK|F|13XX|N|HUDSON AVE
HZ363955|23-Jul-16|19|Y|BLACK|M|31XX|N|CHRISTIANA AVE
HZ363118|23-Jul-16|18|Y|BLACK|M|66XX|N|ASHLAND AVE
HZ362995|23-Jul-16|||||93XX|S|HARPER AVE
HZ362300|23-Jul-16|56|Y|WHITE|M|46XX|N|SHERIDAN RD
HZ362991|23-Jul-16|15|Y|BLACK|F|39XX|S|PRAIRIE AVE
HZ361704|23-Jul-16|17|Y|BLACK|F|44XX|W|THOMAS ST
HZ362270|23-Jul-16|15|Y|BLACK|F|15XX|E|62ND ST
HZ364474|24-Jul-16|20|Y|BLACK|F|28XX|W|66TH ST
HZ362262|24-Jul-16|12|Y|BLACK|F|42XX|S|PRAIRIE AVE
HZ363001|24-Jul-16|14|Y|BLACK|M|53XX|W|POTOMAC AVE
HZ362424|24-Jul-16|22|Y|BLACK|M|73XX|S|EXCHANGE AVE
HZ362485|24-Jul-16|82|Y|HISPANIC|M|36XX|N|LINDER AVE
HZ362518|24-Jul-16|16|Y|BLACK|M|36XX|W|FILLMORE ST
HZ362585|24-Jul-16|17|Y|BLACK|F|14XX|E|68TH ST
HZ362781|24-Jul-16|17|Y|WHITE|M|48XX|N|FRANCISCO AVE
HZ362782|24-Jul-16|15|Y|BLACK|M|48XX|N|FRANCISCO AVE
HZ362783|24-Jul-16|17|Y|BLACK|M|48XX|N|FRANCISCO AVE
HZ362882|24-Jul-16|||||97XX|S|MERRION AVE
HZ362974|24-Jul-16|16|Y|BLACK|F|44XX|W|THOMAS ST
HZ362976|24-Jul-16|15|Y|BLACK|F|44XX|W|THOMAS ST
HZ363776|24-Jul-16|16|Y|BLACK|F|9XX|W|51ST ST
HZ362662|24-Jul-16|25|Y|HISPANIC|M|58XX|N|CHRISTIANA AVE
HZ363133|24-Jul-16|18|Y|HISPANIC|F|36XX|W|CERMAK RD
HZ364989|25-Jul-16|13|Y|BLACK|F|49XX|W|JACKSON BLVD
HZ364238|25-Jul-16|17|Y|BLACK|M|48XX|N|FRANCISCO AVE
HZ364436|25-Jul-16|24|Y|HISPANIC|M|42XX|W|MELROSE ST
HZ364633|25-Jul-16|14|Y|HISPANIC|F|39XX|W|77TH ST
HZ367189|25-Jul-16|82|Y|BLACK|M|15XX|W|FARGO AVE
HZ364647|25-Jul-16|19|Y|BLACK|M|65XX|N|SEELEY AVE
HZ364586|25-Jul-16|59|Y|BLACK|F|51XX|W|JACKSON BLVD
HZ366352|25-Jul-16|17|Y|BLACK|F|74XX|S|MAPLEWOOD AVE
HZ365555|25-Jul-16|15|Y|BLACK|F|37XX|W|ARTHINGTON ST
HZ364567|25-Jul-16|12|Y|BLACK|F|52XX|W|CRYSTAL ST
HZ364658|25-Jul-16|18|Y|BLACK|F|13XX|N|LAVERGNE AVE
HZ364713|25-Jul-16|59|Y|BLACK|M|23XX|S|LAWNDALE AVE
HZ364617|25-Jul-16|15|Y|BLACK|F|70XX|S|HARPER AVE
HZ364353|25-Jul-16|12|Y|BLACK|F|61XX|S|EBERHART AVE
HZ365055|25-Jul-16|10|D|BLACK|M|28XX|W|WILCOX ST
HZ365056|25-Jul-16|16|Y|BLACK|M|28XX|W|WILCOX ST
HZ365502|25-Jul-16|14|Y|BLACK|F|48XX|W|CONGRESS PKWY
HZ364644|25-Jul-16|15|Y|BLACK|M|48XX|N|FRANCISCO AVE
HZ366512|25-Jul-16|21|Y|BLACK|F|46XX|N|BEACON ST
HZ364909|26-Jul-16|16|Y|WHITE|F|23XX|S|SPRINGFIELD AVE
HZ364778|26-Jul-16|59|Y|WHITE|M|61XX|N|ROCKWELL ST
HZ365636|26-Jul-16|15|Y|BLACK|M|53XX|N|WINTHROP AVE
HZ365147|26-Jul-16|6|Y|BLACK|M|3XX|S|SPRINGFIELD AVE
HZ367003|26-Jul-16|33|Y|HISPANIC|M|41XX|W|POTOMAC AVE
HZ365112|26-Jul-16|15|Y|BLACK|F|65XX|S|PROMONTORY DR
HZ366237|26-Jul-16|16|Y|BLACK|F|39XX|W|GRENSHAW ST
HZ366055|26-Jul-16|58|Y|WHITE|M|11XX|N|ORLEANS ST
HZ366203|26-Jul-16|14|Y|BLACK|F|41XX|S|CALIFORNIA AVE
HZ366062|26-Jul-16|26|Y|WHITE|F|19XX|W|TOUHY AVE
HZ366143|26-Jul-16|13|Y|WHITE|M|43XX|S|LAKE PARK AVE
HZ366293|26-Jul-16|15|Y|HISPANIC|F|48XX|W|CORTLAND ST
HZ366327|26-Jul-16|14|Y|BLACK|M|63XX|S|CHAMPLAIN AVE
HZ366133|27-Jul-16|14|Y|WHITE|F|22XX|N|KILPATRICK AVE
HZ366289|27-Jul-16|16|Y|BLACK|F|1XX|E|59TH ST
HZ366177|27-Jul-16|13|Y|BLACK|F|6XX|S|WESTERN AVE
HZ366277|27-Jul-16|13|Y|BLACK|M|8XX|W|EASTWOOD AVE
HZ367055|27-Jul-16|15|Y|BLACK|F|15XX|E|62ND ST
HZ367383|27-Jul-16|20|Y|BLACK|M|20XX|W|ARTHUR AVE
HZ367447|27-Jul-16|28|Y|HISPANIC|F|15XX|S|ALBANY AVE
HZ367272|27-Jul-16|14|Y|BLACK|F|35XX|W|63RD ST
HZ367522|27-Jul-16|54|Y|WHITE|M|20XX|N|CLARK ST
HZ368757|27-Jul-16|17|Y|HISPANIC|F|35XX|W|DICKENS AVE
HZ369397|27-Jul-16|||||30XX|N|LECLAIRE AVE
HZ367540|27-Jul-16|15|Y|HISPANIC|F|35XX|S|WOOD ST
HZ366874|27-Jul-16|59|Y|BLACK|F|7XX|N|CENTRAL AVE
HZ367756|27-Jul-16|15|Y|BLACK|M|60XX|S|ARTESIAN AVE
HZ370420|27-Jul-16|43|Y|BLACK|M|46XX|N|SHERIDAN RD
HZ367264|27-Jul-16|17|Y|WHITE|M|48XX|N|FRANCISCO AVE
HZ367471|27-Jul-16|15|Y|HISPANIC|F|17XX|W|THOME AVE
HZ367720|27-Jul-16|55|Y|WHITE|M|74XX|N|CLARK ST
HZ371906|27-Jul-16|20|Y|BLACK|M|65XX|N|SEELEY AVE
HZ367744|28-Jul-16|14|Y|WHITE|F|25XX|S|CENTRAL PARK AVE
HZ371491|28-Jul-16|||||31XX|W|ARTHINGTON ST
HZ367801|28-Jul-16|16|Y|WHITE|M|34XX|N|OZANAM AVE
HZ369111|28-Jul-16|19|Y|BLACK|M|73XX|N|WINCHESTER AVE
HZ369112|28-Jul-16|20|Y|BLACK|M|73XX|N|WINCHESTER AVE
HZ369251|28-Jul-16|25|Y|HISPANIC|F|37XX|W|56TH ST
HZ369252|28-Jul-16|4|Y|HISPANIC|F|37XX|W|56TH ST
HZ368382|28-Jul-16|25|Y|WHITE|M|19XX|W|LOYOLA AVE
HZ370931|28-Jul-16|54|Y|BLACK|F|45XX|N|HAZEL ST
HZ369810|28-Jul-16|64|Y|WHITE|M|74XX|N|CLARK ST
HZ369058|28-Jul-16|67|Y|BLACK|M|21XX|W|PIERCE AVE
HZ369359|28-Jul-16|53|Y|WHITE|F|34XX|N|HARLEM AVE
HZ368997|28-Jul-16|24|Y|WHITE|F|1XX|E|HURON ST
HZ368947|28-Jul-16|21|Y|BLACK|M|15XX|S|ALBANY AVE
HZ368955|28-Jul-16|17|Y|BLACK|F|44XX|W|THOMAS ST
HZ370978|29-Jul-16|16|Y|BLACK|F|43XX|S|MICHIGAN AVE
HV537383|25-Oct-12|61|Y|BLACK|M|12XX|N|CLEAVER ST
HV550096|1-Nov-12|60|Y|WHITE|M|13XX|N|GREENVIEW AVE
HV545928|2-Nov-12|51|Y|WHITE|M|109XX|S|WHIPPLE ST
HV556730|4-Nov-12|32|Y|BLACK|F|75XX|S|LUELLA AVE
HV558921|8-Nov-12|34|Y|BLACK|M|56XX|S|RACINE AVE
HV617333|6-Dec-12|17|Y|HISPANIC|F|86XX|S|RHODES AVE
HW145265|4-Feb-13|68|Y|BLACK|M|80XX|S|LAFLIN ST
HW165607A|21-Feb-13|20|Y|||33XX|W|OGDEN AVE
HW336301|26-Jun-13|80|Y|WHITE|M|55XX|N|MASON AVE
HW381687|26-Jul-13|9|Y|BLACK|M|13XX|W|80TH ST
HW463194|22-Sep-13|18|Y|BLACK|M|48XX|W|CORTEZ ST
HW472735|29-Sep-13|12|Y|BLACK|F|11XX|N|SPRINGFIELD AVE
HW536432|9-Nov-13|16|Y|BLACK|F|67XX|S|CAMPBELL AVE
HW555757|2-Dec-13|14|Y|WHITE|F|50XX|S|MICHIGAN AVE
HZ223235|3-Dec-13|60|Y|BLACK|M|61XX|S|LAFLIN ST
HZ365487|1-Mar-14|||||12XX|S|SAWYER AVE
HZ328700|1-Jun-14|65|Y|BLACK|M|44XX|W|MAYPOLE AVE
HX438636|14-Jul-14|18|Y|WHITE|M|50XX|S|MICHIGAN AVE
HX462634|16-Jul-14|54|Y|BLACK|M|85XX|S|EUCLID AVE
HX516359|1-Aug-14|52|Y|BLACK|M|102XX|S|EWING AVE
HX400939|16-Aug-14|20|Y|HISPANIC|M|39XX|W|AINSLIE ST
HY186863|13-Sep-14|64|Y|BLACK|M|17XX|N|MANGO AVE
HX519079|24-Oct-14|69|Y|BLACK|M|72XX|S|CONSTANCE AVE
HY214301|3-Nov-14|66|Y|HISPANIC|F|20XX|S|BLUE ISLAND AVE
HY122085|13-Jan-15|38|Y|ASIAN/PACIFIC ISLANDER|M|4XX|W|BELMONT AVE
HY122799|19-Jan-15|15|Y|BLACK|F|42XX|S|WELLS ST
HY211673|10-Feb-15|47|Y|BLACK|F|58XX|S|MARYLAND AVE
HY169956|27-Feb-15|19|Y|BLACK|M|45XX|S|DREXEL BLVD
HY183875|8-Mar-15|54|Y|BLACK|M|12XX|W|14TH ST
HY337626|1-Jun-15|61|Y|BLACK|M|79XX|S|HARVARD AVE
HY293981|9-Jun-15|16|Y|BLACK|F|50XX|S|MICHIGAN AVE
HY347100|19-Jul-15|57|Y|BLACK|M|6XX|E|75TH ST
HY401482|28-Aug-15|54|Y|WHITE|M|9XX|W|CULLOM AVE
HY406400|1-Sep-15|59|Y|BLACK|M|7XX|W|EVERGREEN AVE
HY443828|5-Sep-15|58|Y|BLACK|M|40XX|W|WILCOX ST
HY457938|25-Sep-15|32|Y|BLACK|M|20XX|E|72ND ST
HY460162|13-Oct-15|40|Y|BLACK|M|73XX|S|EXCHANGE AVE
HY462656|14-Oct-15|13|Y|WHITE|M|87XX|S|COMMERCIAL AVE
HY470578|21-Oct-15|69|Y|BLACK|F|89XX|S|UNIVERSITY AVE
HY480031|26-Oct-15|19|Y|BLACK|F|11XX|S|WESTERN AVE
HY486194|2-Nov-15|17|Y|BLACK|F|16XX|W|GRAND AVE
HY498356|11-Nov-15|33|Y|BLACK|M|11XX|N|CLARK ST
HY506457|13-Nov-15|20|Y|BLACK|F|4XX|W|70TH ST
HY503692|15-Nov-15|15|Y|HISPANIC|F|53XX|S|MAPLEWOOD AVE
HY530552|17-Nov-15|63|Y|BLACK|M|16XX|W|71ST ST
HZ214366|18-Nov-15|69|Y|BLACK|F|57XX|S|GREEN ST
HY535903|5-Dec-15|15|Y|HISPANIC|M|22XX|S|SAWYER AVE
HY536768|14-Dec-15|17|Y|WHITE|M|36XX|W|FILLMORE ST
HY547997|23-Dec-15|13|Y|BLACK|F|61XX|S|DAMEN AVE
HY551609|26-Dec-15|17|Y|BLACK|F|96XX|S|OGLESBY AVE
HZ107693|4-Jan-16|28|Y|ASIAN/PACIFIC ISLANDER|M|68XX|N|SHERIDAN RD
HZ107762|6-Jan-16|23|Y|ASIAN/PACIFIC ISLANDER|F|1XX|E|WACKER DR
HZ132167|10-Jan-16|32|Y|WHITE|F|2XX|W|WASHINGTON ST
HZ112399|11-Jan-16|17|Y|HISPANIC|M|80XX|S|FRANCISCO AVE
HZ113564|12-Jan-16|15|Y|HISPANIC|F|61XX|W|MELROSE ST
HZ124463|21-Jan-16|55|Y|BLACK|F|64XX|N|RIDGE BLVD
HZ154439|26-Jan-16|15|Y|BLACK|M|19XX|W|GARFIELD BLVD
HZ154449|26-Jan-16|17|Y|BLACK|M|19XX|W|GARFIELD BLVD
HZ217303|24-Mar-16|45|Y|HISPANIC|M    29|XX|W|FLETCHER ST
HZ200772|25-Mar-16|15|Y|BLACK|F     1|XX|S|PARKSIDE AVE
HZ202142|25-Mar-16|56|Y|HISPANIC|M     8|XX|W|LAWRENCE AVE
HZ203375|25-Mar-16|14|Y|BLACK|M    36|XX|W|FILLMORE ST
HZ203439|25-Mar-16|19|Y|BLACK|F    67|XX|N|SHERIDAN RD
HZ202244|26-Mar-16|15|Y|BLACK|F    61|XX|N|TALMAN AVE
HZ203295|27-Mar-16|45|Y|WHITE|M    46|XX|W|ADDISON ST
HZ203323|27-Mar-16|38|Y|WHITE|F    51|XX|N|CALIFORNIA AVE
HZ203538|27-Mar-16|16|Y|BLACK|F    36|XX|W|FILLMORE ST
HZ205362|29-Mar-16|17|Y|HISPANIC|F    35|XX|S|GILES AVE
HZ211902|29-Mar-16|19|Y|BLACK|F     6|XX|N|PARKSIDE AVE
HZ210550|2-Apr-16|16|Y|WHITE|M    17|XX|W|TOUHY AVE
HZ217002|4-Apr-16|15|Y|HISPANIC|F    26|XX|N|CENTRAL PARK AVE
HZ217498|4-Apr-16|15|Y|HISPANIC|M    66|XX|W|SCHREIBER AVE
HZ258686|4-Apr-16|19|Y|BLACK|F    20|XX|N|RACINE AVE
HZ214933|5-Apr-16|14|Y|BLACK|M    90|XX|S|EXCHANGE AVE
HZ216035|5-Apr-16|17|Y|WHITE|M    48|XX|N|FRANCISCO AVE
HZ217184|5-Apr-16|47|Y|BLACK|M    45|XX|N|HAZEL ST
HZ217126|6-Apr-16|29|Y|BLACK|M    45|XX|N|HAZEL ST
HZ250905|7-Apr-16|31|Y|BLACK|F     9|XX|W|WASHINGTON BLVD
HZ216869|7-Apr-16|53|Y|BLACK|M     3|XX|N|CENTRAL AVE
HZ217589|7-Apr-16|18|Y|WHITE|F    16|XX|W|GRAND AVE
HZ226359|9-Apr-16|17|Y|BLACK|F    28|XX|W|WILCOX ST
HZ223415|12-Apr-16|36|Y|WHITE|M    55|XX|W|ADDISON ST
HZ225425|13-Apr-16|17|Y|HISPANIC|F    37|XX|W|69TH PL
HZ226541|14-Apr-16|17|Y|WHITE|M    63|XX|N|LAKEWOOD AVE
HZ225842|14-Apr-16|15|Y|BLACK|M    43|XX|W|IRVING PARK RD
HZ226033|14-Apr-16|16|Y|BLACK|F    44|XX|W|THOMAS ST
HZ226244|14-Apr-16|16|Y|WHITE|M    56|XX|W|GOODMAN ST
HZ227762|15-Apr-16|15|Y|BLACK|F|76XX|S|PARNELL AVE
HZ230819|15-Apr-16|20|Y|BLACK|M|10XX|W|80TH ST
HZ233863|17-Apr-16|15|Y|BLACK|F|64XX|S|DR MARTIN LUTHER KING JR DR
HZ231602|19-Apr-16|17|Y|HISPANIC|M|69XX|W|BELMONT AVE
HZ235233|19-Apr-16|13|Y|BLACK|M|44XX|W|CONGRESS PKWY
HZ232794|19-Apr-16|16|Y|BLACK|F|36XX|W|FILLMORE ST
HZ232797|19-Apr-16|13|Y|BLACK|F|36XX|W|FILLMORE ST
HZ232825|19-Apr-16|24|Y|BLACK|M|6XX|S|CENTRAL AVE
HZ234136|20-Apr-16|14|Y|BLACK|M|15XX|E|73RD PL
HZ234893|20-Apr-16|15|Y|HISPANIC|M|13XX|N|PULASKI RD
HZ233644|20-Apr-16|68|Y|BLACK|M|53XX|W|FERDINAND ST
HZ234173|20-Apr-16|15|Y|HISPANIC|F|56XX|S|WHIPPLE ST
HZ235332|21-Apr-16|81|Y|BLACK|M|13XX|W|FULLERTON AVE
HZ278280|22-Apr-16|45|Y|WHITE|F|50XX|W|GRACE ST
HZ241448|23-Apr-16|15|Y|HISPANIC|M|40XX|W|24TH PL
HZ237826|23-Apr-16|14|Y|BLACK|F|98XX|S|YATES AVE
HZ238952|24-Apr-16|18|Y|BLACK|F|60XX|S|JUSTINE ST
HZ243801|24-Apr-16|16|Y|HISPANIC|F|51XX|W|WARWICK AVE
HZ239888|25-Apr-16|88|Y|WHITE|M|61XX|N|HOYNE AVE
HZ240237|25-Apr-16|16|Y|BLACK|F|44XX|W|THOMAS ST
HZ245174|29-Apr-16|15|Y|BLACK|F|4XX|W|97TH PL
HZ266991|30-Apr-16|49|Y|WHITE|M|56XX|N|MELVINA AVE
HZ253057|1-May-16|16|Y|BLACK|F|56XX|S|MICHIGAN AVE
HZ251903|2-May-16|15|Y|BLACK|F|31XX|W|POLK ST
HZ252035|3-May-16|15|Y|BLACK|F|9XX|N|SACRAMENTO BLVD
HZ260930|3-May-16|17|Y|BLACK|M|58XX|W|ERIE ST
HZ250034|3-May-16|14|Y|HISPANIC|F|22XX|N|MARMORA AVE
HZ264949|4-May-16|21|Y|WHITE|F|52XX|W|ALTGELD ST
HZ253123|5-May-16|61|Y|ASIAN/PACIFIC ISLANDER|M|49XX|N|KENMORE AVE
HZ270889|5-May-16|45|Y|ASIAN/PACIFIC ISLANDER|F|58XX|N|ELSTON AVE
HZ256762|6-May-16|15|Y|BLACK|M|40XX|W|GRENSHAW ST
HZ264776|6-May-16|21|Y|HISPANIC|M|56XX|S|CAMPBELL AVE
HZ258832|7-May-16|17|Y|BLACK|M|69XX|S|DR MARTIN LUTHER KING JR DR
HZ256525|7-May-16|28|Y|BLACK|M|55XX|N|KENMORE AVE
HZ256766|8-May-16|53|Y|BLACK|F|23XX|S|LAWNDALE AVE
HZ256588|8-May-16|17|Y|BLACK|M|48XX|N|FRANCISCO AVE
HZ257940|8-May-16|20|Y|BLACK|F|67XX|N|SHERIDAN RD
HZ258068|8-May-16|38|Y|WHITE|M|76XX|N|EASTLAKE TER
HZ257289|9-May-16|17|Y|BLACK|M|14XX|W|51ST ST
HZ257798|9-May-16|45|Y|WHITE|F|20XX|W|BALMORAL AVE
HZ257945|9-May-16|17|Y|BLACK|M|48XX|N|FRANCISCO AVE
HZ257987|9-May-16|16|Y|HISPANIC|F|28XX|W|WABANSIA AVE
HZ262157|11-May-16|31|Y|WHITE|M|64XX|S|HERMITAGE AVE
HZ261673|11-May-16|17|Y|WHITE|F|46XX|S|HERMITAGE AVE
HZ264617|11-May-16|19|Y|HISPANIC|F|36XX|N|NEVA AVE
HZ302602|12-May-16|21|Y|WHITE|F|54XX|N|LINCOLN AVE
HZ264765|13-May-16|59|Y|BLACK|F|27XX|W|ROOSEVELT RD
HZ264867|13-May-16|60|Y|HISPANIC|F|14XX|N|CALIFORNIA AVE
HZ289241|13-May-16|50|Y|HISPANIC|M|15XX|W|FARGO AVE
HZ265063|14-May-16|17|Y|BLACK|F|61XX|N|MOZART ST
HZ264018|14-May-16|36|Y|BLACK|M|19XX|W|OGDEN AVE
HZ265532|14-May-16|39|Y|WHITE|F|63XX|N|WESTERN AVE
HZ265062|14-May-16|18|Y|WHITE|F|61XX|N|MOZART ST
HZ265900|14-May-16|53|Y|BLACK|M|45XX|N|HAZEL ST
HZ264713|14-May-16|17|Y|BLACK|M|36XX|W|FILLMORE ST
HZ264714|14-May-16|16|Y|BLACK|M|36XX|W|FILLMORE ST
HZ265040|14-May-16|13|Y|BLACK|F|16XX|N|PARKSIDE AVE
HZ265624|15-May-16|16|Y|BLACK|F|11XX|N|NOBLE ST
HZ284859|28-May-16|28|Y|WHITE|M|8XX|S|PLYMOUTH CT
HZ284390|28-May-16|18|Y|WHITE|F|22XX|W|GRACE ST
HZ285658|29-May-16|14|Y|BLACK|M|9XX|S|LAWNDALE AVE
HZ332596|29-May-16|58|Y|HISPANIC|F|16XX|N|TALMAN AVE
HZ287889|30-May-16|17|Y|BLACK|F|77XX|S|STEWART AVE
HZ294312|31-May-16|15|Y|HISPANIC|F|23XX|N|LOCKWOOD AVE
HZ288119|31-May-16|15|Y|ASIAN/PACIFIC ISLANDER|F|62XX|N|KENMORE AVE
HZ289091|31-May-16|13|Y|BLACK|F|15XX|S|HOMAN AVE
HZ289568|31-May-16|14|Y|WHITE|F|59XX|N|OZANAM AVE
HZ292679|1-Jun-16|16|Y|BLACK|F|131XX|S|CORLISS AVE
HZ290366|1-Jun-16|20|Y|BLACK|F|58XX|N|GLENWOOD AVE
HZ288938|1-Jun-16|16|Y|HISPANIC|M|53XX|W|DEMING PL
HZ328547|1-Jun-16|16|Y|BLACK|F|61XX|N|TALMAN AVE
HZ297417|1-Jun-16|15|Y|BLACK|F|51XX|W|FERDINAND ST
HZ299749|2-Jun-16|17|Y|BLACK|M|83XX|S|LUELLA AVE
HZ291116|2-Jun-16|11|Y|HISPANIC|M|46XX|N|ST LOUIS AVE
HZ297067|2-Jun-16|16|Y|BLACK|F|4XX|W|WINNECONNA PKWY
HZ291323|2-Jun-16|17|Y|BLACK|F|67XX|N|CAMPBELL AVE
HZ293957|3-Jun-16|16|Y|HISPANIC|F|22XX|N|KENNETH AVE
HZ296144|3-Jun-16|17|Y|BLACK|F|5XX|S|MICHIGAN AVE
HZ292455|3-Jun-16|17|Y|BLACK|F|47XX|S|CALUMET AVE
HZ293965|3-Jun-16|16|Y|HISPANIC|F|50XX|W|CONCORD PL
HZ297762|3-Jun-16|16|Y|WHITE|M|25XX|N|NEVA AVE
HZ293509|4-Jun-16|20|Y|BLACK|F|16XX|W|GRAND AVE
HZ293865|4-Jun-16|15|Y|BLACK|M|17XX|W|TOUHY AVE
HZ361894|5-Jun-16|25|Y|BLACK|M|52XX|S|PRAIRIE AVE
HZ337488|6-Jun-16|15|Y|BLACK|M|53XX|S|CALUMET AVE
HZ296547|6-Jun-16|17|Y|HISPANIC|F|74XX|W|ADDISON ST
HZ296671|6-Jun-16|15|Y|BLACK|F|16XX|W|GRAND AVE
HZ336655|5-Jul-16|59|Y|BLACK|M|80XX|S|WESTERN AVE
HZ338285|5-Jul-16|48|Y|BLACK|F|49XX|W|WEST END AVE
HZ338882|5-Jul-16|30|Y|HISPANIC|F|33XX|W|MARQUETTE RD
HZ342149|5-Jul-16|55|Y|HISPANIC|M|23XX|W|MOFFAT ST
HZ336488|5-Jul-16|20|Y|BLACK|F|35XX|W|ADAMS ST
HZ337389|5-Jul-16|17|Y|HISPANIC|F|63XX|S|ARCHER AVE
HZ337585|5-Jul-16|47|Y|HISPANIC|M|65XX|N|MOZART ST
HZ337861|5-Jul-16|16|Y|HISPANIC|F|24XX|N|AVERS AVE
HZ337519|5-Jul-16|18|Y|HISPANIC|M|66XX|N|ASHLAND AVE
HZ337978|5-Jul-16|16|Y|HISPANIC|F|51XX|S|LOWE AVE
HZ338185|6-Jul-16|37|Y|WHITE|F|40XX|W|SCHOOL ST
HZ338567|6-Jul-16|19|Y|WHITE|F|50XX|S|MICHIGAN AVE
HZ338631|6-Jul-16|13|Y|WHITE|M|48XX|N|FRANCISCO AVE
HZ338777|6-Jul-16|13|Y|HISPANIC|F|46XX|W|MONTANA ST
HZ339008|6-Jul-16|17|Y|BLACK|M|70XX|S|VERNON AVE
HZ338602|6-Jul-16|76|Y|BLACK|M|73XX|N|SHERIDAN RD
HZ339248|6-Jul-16|14|Y|BLACK|M|8XX|W|50TH ST
HZ339249|6-Jul-16|16|Y|BLACK|M|8XX|W|50TH ST
HZ338952|7-Jul-16|12|Y|HISPANIC|F|55XX|W|SCHOOL ST
HZ339800|7-Jul-16|101|Y|BLACK|F|34XX|W|WALNUT ST
HZ339830|7-Jul-16|18|Y|BLACK|F|51XX|W|JACKSON BLVD
HZ355147|7-Jul-16|55|Y|WHITE|M|14XX|W|GREENLEAF AVE
HZ341258|7-Jul-16|15|Y|BLACK|M|44XX|W|VAN BUREN ST
HZ340431|7-Jul-16|17|Y|BLACK|M|20XX|W|ARTHUR AVE
HZ341742|8-Jul-16|17|Y|ASIAN/PACIFIC ISLANDER|F|62XX|N|BERNARD ST
HZ344394|8-Jul-16|26|Y|WHITE|M|34XX|W|NORTH AVE
HZ347736|8-Jul-16|48|Y|BLACK|M|48XX|W|ADDISON ST
HZ344451|8-Jul-16|30|Y|WHITE|M|69XX|N|ASHLAND BLVD
HZ341531|8-Jul-16|16|Y|BLACK|F|44XX|N|KIMBALL AVE
HZ345385|11-Jul-16|18|Y|BLACK|F|36XX|W|FILLMORE ST
HZ345483|11-Jul-16|18|Y|WHITE|F|44XX|N|KIMBALL AVE
HZ347216|12-Jul-16|68|Y|WHITE|F|64XX|N|RIDGE BLVD
HZ346454|12-Jul-16|17|Y|BLACK|M|7XX|N|DRAKE AVE
HZ346865|12-Jul-16|14|Y|BLACK|F|13XX|S|MILLARD AVE
HZ346781|12-Jul-16|16|Y|ASIAN/PACIFIC ISLANDER|M|19XX|W|LUNT AVE
HZ346764|12-Jul-16|13|Y|WHITE|M|69XX|W|HIGHLAND AVE
HZ350583|13-Jul-16|21|Y|WHITE|F|51XX|N|KIMBALL AVE
HZ358755|13-Jul-16|15|Y|BLACK|F|7XX|N|DEARBORN ST
HZ359660|13-Jul-16|63|Y|BLACK|M|15XX|S|HOMAN AVE
HZ353066|13-Jul-16|34|Y|BLACK|F|14XX|N|LONG AVE
HZ348089|13-Jul-16|16|Y|BLACK|F|44XX|W|THOMAS ST
HZ348060|13-Jul-16|15|Y|BLACK|F|56XX|S|SEELEY AVE
HZ352066|14-Jul-16|15|Y|BLACK|F|12XX|E|46TH ST
HZ349360|14-Jul-16|||||20XX|W|LUNT AVE
HZ349360|14-Jul-16|25|Y|BLACK|M|20XX|W|LUNT AVE
HZ348955|14-Jul-16|16|Y|BLACK|F|50XX|N|HARDING AVE
HZ349106|14-Jul-16|17|Y|BLACK|M|48XX|N|FRANCISCO AVE
HZ350354|14-Jul-16|16|Y|BLACK|F|4XX|S|HOMAN AVE
HZ357299|14-Jul-16|16|Y|BLACK|M|52XX|S|WELLS ST
HZ348774|14-Jul-16|15|Y|BLACK|M|33XX|N|KIMBALL AVE
HZ364164|14-Jul-16|20|Y|BLACK|F|11XX|S|WESTERN AVE
HZ351186|15-Jul-16|17|Y|BLACK|M|46XX|S|ELLIS AVE
HZ350307|15-Jul-16|48|Y|WHITE|M|24XX|N|CENTRAL AVE
HZ350344|15-Jul-16|16|Y|BLACK|F|50XX|W|OHIO ST
HZ350382|15-Jul-16|15|Y|BLACK|M|36XX|W|FILLMORE ST
HZ350383|15-Jul-16|17|Y|BLACK|M|36XX|W|FILLMORE ST
HZ350703|15-Jul-16|26|Y|WHITE|M|3XX|N|CENTRAL AVE
HZ350723|15-Jul-16|14|Y|BLACK|M|43XX|W|IRVING PARK RD
HZ350786|15-Jul-16|31|Y|WHITE|M|15XX|W|FARGO AVE
HZ350864|15-Jul-16|65|Y|BLACK|M|2XX|N|MASON AVE
HZ350276|15-Jul-16|17|Y|BLACK|F|50XX|S|MICHIGAN AVE
HZ350883|15-Jul-16|13|Y|HISPANIC|F|46XX|N|CLIFTON AVE
HZ351432|15-Jul-16|61|Y|HISPANIC|M|24XX|N|RIDGEWAY AVE
HZ350702|15-Jul-16|55|Y|BLACK|M|3XX|N|CENTRAL AVE
HZ358038|15-Jul-16|53|Y|BLACK|F|71XX|S|EAST END AVE
HZ351157|15-Jul-16|11|Y|BLACK|M|17XX|N|LINDER AVE
HZ351162|15-Jul-16|11|Y|BLACK|M|17XX|N|LINDER AVE
HZ351917|15-Jul-16|39|Y|BLACK|M|54XX|N|BROADWAY
HZ351011|15-Jul-16|43|Y|BLACK|F|46XX|N|SHERIDAN RD
HZ351147|15-Jul-16|16|Y|BLACK|M|73XX|N|WINCHESTER AVE
HZ351655|15-Jul-16|20|Y|BLACK|F|58XX|N|GLENWOOD AVE
HZ351014|16-Jul-16|56|Y|ASIAN/PACIFIC ISLANDER|F|61XX|N|SHERIDAN RD
HZ353152|16-Jul-16|51|Y|BLACK|F|58XX|W|HURON ST
HZ351642|16-Jul-16|46|Y|BLACK|M|15XX|S|ALBANY AVE
HZ351508|16-Jul-16|15|Y|BLACK|M|43XX|S|MICHIGAN AVE
HZ355540|16-Jul-16|5|Y|BLACK|M|42XX|W|GLADYS AVE
HZ355602|16-Jul-16|27|Y|BLACK|F|42XX|W|GLADYS AVE
HZ351541|16-Jul-16||Y|||85XX|S|OGLESBY AVE
HZ351541|16-Jul-16|21|Y|BLACK|M|85XX|S|OGLESBY AVE
HZ351953|16-Jul-16|27|Y|WHITE|F|8XX|W|LAKESIDE PL
HZ351821|16-Jul-16|15|Y|BLACK|M|48XX|N|FRANCISCO AVE
HZ352154|16-Jul-16|15|Y|HISPANIC|M|36XX|W|FILLMORE ST
HZ355012|16-Jul-16|15|Y|BLACK|M|107XX|S|CHAMPLAIN AVE
HZ361707|17-Jul-16|16|Y|BLACK|F|47XX|S|PRINCETON AVE
HZ353419|17-Jul-16|10|Y|BLACK|M|17XX|N|LUNA AVE
HZ355353|17-Jul-16|15|Y|WHITE|F|32XX|N|OTTAWA AVE
HZ353058|17-Jul-16|36|Y|WHITE|M|7XX|W|IRVING PARK RD
HZ355926|18-Jul-16|14|Y|WHITE|F|22XX|N|KILPATRICK AVE
HZ358799|18-Jul-16|||||112XX|S|DR MARTIN LUTHER KING JR DR
HZ358800|18-Jul-16|||||112XX|S|DR MARTIN LUTHER KING JR DR
HZ358802|18-Jul-16|||||112XX|S|DR MARTIN LUTHER KING JR DR
HZ358805|18-Jul-16|||||112XX|S|DR MARTIN LUTHER KING JR DR
HZ354685|18-Jul-16|27|Y|WHITE|M|17XX|W|NORTH AVE
HZ364370|18-Jul-16|16|Y|BLACK|M|10XX|W|14TH ST
HZ354852|18-Jul-16|4|M|BLACK|F|13XX|N|LAVERGNE AVE
HZ354845|19-Jul-16|38|Y|WHITE|M|46XX|N|MARINE DR
HZ355139|19-Jul-16|17|Y|BLACK|M|14XX|W|51ST ST
HZ358361|19-Jul-16|14|Y|HISPANIC|M|57XX|N|ROCKWELL ST
HZ355664|19-Jul-16|16|Y|WHITE|M|57XX|N|ST LOUIS AVE
HZ356738|19-Jul-16|14|Y|HISPANIC|F|29XX|W|38TH ST
HZ357204|19-Jul-16|65|Y|WHITE|F|45XX|N|MAGNOLIA AVE
HZ358395|19-Jul-16|31|Y|BLACK|M|45XX|N|HAZEL ST
HZ358843|19-Jul-16|14|Y|HISPANIC|F|10XX|N|SPRINGFIELD AVE
HZ368513|19-Jul-16|||||43XX|W|CRYSTAL ST
HZ357951|19-Jul-16|61|Y|BLACK|M|100XX|S|AVENUE N
HZ356436|19-Jul-16|15|Y|WHITE|M|30XX|W|LAWRENCE AVE
HZ355460|19-Jul-16|15|Y|HISPANIC|M|34XX|N|OSCEOLA AVE
HZ356007|19-Jul-16|19|Y|HISPANIC|M|27XX|S|SAWYER AVE
HZ356411|19-Jul-16|46|Y|WHITE|F|20XX|W|BALMORAL AVE
HZ356201|19-Jul-16|84|Y|WHITE|F|66XX|N|ARTESIAN AVE
HZ356266|19-Jul-16|16|Y|WHITE|M|48XX|N|FRANCISCO AVE
HZ356327|19-Jul-16|16|Y|WHITE|F|34XX|W|64TH PL
HZ358031|19-Jul-16|||||130XX|S|CHAMPLAIN AVE
HZ356732|20-Jul-16|79|Y|BLACK|F|52XX|S|GREEN ST
HZ356592|20-Jul-16|17|Y|ASIAN/PACIFIC ISLANDER|M|35XX|S|GILES AVE
HZ356594|20-Jul-16|17|Y|BLACK|M|35XX|S|GILES AVE
HZ357399|20-Jul-16|63|Y|BLACK|F|3XX|N|HAMLIN AVE
HZ358154|20-Jul-16|14|Y|HISPANIC|F|22XX|N|KILPATRICK AVE
HZ357279|20-Jul-16|17|Y|BLACK|M|21XX|S|MARSHALL BLVD
HZ357313|20-Jul-16|15|Y|BLACK|F|17XX|N|MOODY AVE
HZ357377|20-Jul-16|15|Y|WHITE|F|22XX|N|MENARD AVE
HZ358925|20-Jul-16|15|Y|BLACK|M|62XX|S|MOZART ST
HZ358941|20-Jul-16|24|Y|WHITE|M|46XX|N|SHERIDAN RD
HZ357762|20-Jul-16|17|Y|WHITE|F|62XX|N|BERNARD ST
HZ363873|20-Jul-16|52|Y|WHITE|M|58XX|N|OCONTO AVE
HZ365302|20-Jul-16|23|Y|WHITE|M|46XX|S|MARSHFIELD AVE
HZ357658|21-Jul-16|15|Y|BLACK|F|44XX|W|THOMAS ST
HZ358632|21-Jul-16|||||108XX|S|EBERHART AVE
HZ362400|21-Jul-16|53|Y|ASIAN/PACIFIC ISLANDER|M|26XX|N|LAKEVIEW AVE
HZ358372|21-Jul-16|45|Y|BLACK|M|15XX|W|FARGO AVE
HZ358382|21-Jul-16|25|Y|BLACK|M|20XX|W|LUNT AVE
HZ358831|21-Jul-16|35|Y|BLACK|F|3XX|N|CENTRAL AVE
HZ358878|21-Jul-16|19|Y|WHITE|M|20XX|W|ARTHUR AVE
HZ368703|21-Jul-16|35|Y|WHITE|M|60XX|N|MENARD AVE
HZ359028|21-Jul-16|43|Y|WHITE|F|40XX|N|PIONEER AVE
HZ359095|21-Jul-16|14|Y|BLACK|M|52XX|S|INGLESIDE AVE
HZ361044|21-Jul-16|39|Y|WHITE|M|52XX|W|OHIO ST
HZ363455|21-Jul-16|17|Y|BLACK|F|8XX|W|31ST ST
HZ365233|21-Jul-16|14|Y|BLACK|M|13XX|E|72ND ST
HZ359089|22-Jul-16|17|Y|WHITE|F|56XX|N|OKETO AVE
HZ359219|22-Jul-16|26|Y|BLACK|M|58XX|N|CHRISTIANA AVE
HZ360603|22-Jul-16|17|Y|BLACK|F|44XX|N|KIMBALL AVE
HZ360769|22-Jul-16|17|Y|BLACK|F|30XX|W|FLOURNOY ST
HZ360582|22-Jul-16|19|Y|BLACK|M|73XX|N|WINCHESTER AVE
HZ360583|22-Jul-16|17|Y|BLACK|M|73XX|N|WINCHESTER AVE
HZ371299|29-Jul-16|18|Y|BLACK|F|61XX|N|MOZART ST
HZ370547|29-Jul-16|14|Y|BLACK|F|61XX|S|CALIFORNIA AVE
HZ369694|29-Jul-16|76|Y|WHITE|F|1XX|E|CHESTNUT ST
HZ369975|29-Jul-16|28|Y|HISPANIC|F|46XX|N|DOVER ST
HZ370138|29-Jul-16|16|Y|HISPANIC|M|26XX|W|ATTRILL ST
HZ370186|29-Jul-16|16|Y|BLACK|M|7XX|N|LONG AVE
HZ372550|29-Jul-16|71|Y|AMER IND/ALASKAN NATIVE|F|15XX|W|JONQUIL TER
HZ372837|29-Jul-16|||||58XX|W|HURON ST
HZ373107|29-Jul-16|15|Y|BLACK|F|14XX|S|ST LOUIS AVE
HZ373176|29-Jul-16|18|Y|HISPANIC|M|66XX|N|ASHLAND AVE
HZ373177|29-Jul-16|19|Y|HISPANIC|M|66XX|N|ASHLAND AVE
HZ371422|29-Jul-16|||||50XX|W|JACKSON BLVD
HZ373658|29-Jul-16|17|Y|WHITE|F|36XX|W|55TH PL
HZ372291|29-Jul-16|19|Y|BLACK|M|15XX|W|HOLLYWOOD AVE
HZ370548|29-Jul-16|14|Y|HISPANIC|F|46XX|S|WHIPPLE ST
HZ370339|29-Jul-16|14|Y|BLACK|M|6XX|N|ST LOUIS AVE
HZ370584|29-Jul-16|16|Y|HISPANIC|M|73XX|N|WINCHESTER AVE
HZ370585|29-Jul-16|17|Y|BLACK|M|73XX|N|WINCHESTER AVE
HZ372909|30-Jul-16|27|Y|BLACK|F|106XX|S|PEORIA ST
HZ370453|30-Jul-16|29|Y|BLACK|F|72XX|S|ST LAWRENCE AVE
HZ371625|30-Jul-16|||||36XX|W|FILLMORE ST
HZ371854|30-Jul-16|||||8XX|N|HOMAN AVE
HZ372048|30-Jul-16|29|Y|HISPANIC|F|14XX|N|KILPATRICK AVE
HZ371867|30-Jul-16|15|Y|HISPANIC|M|32XX|S|CARPENTER ST
HZ371845|30-Jul-16|||||59XX|W|RICE ST
HZ372066|30-Jul-16|33|Y|WHITE|F|13XX|W|ROSEMONT AVE
HZ372131|30-Jul-16|16|Y|BLACK|M|20XX|W|ARTHUR AVE
HZ371936|31-Jul-16|17|Y|BLACK|F|20XX|W|GARFIELD BLVD
HZ373064|31-Jul-16|49|Y|HISPANIC|M|20XX|N|CLARK ST
HZ373180|31-Jul-16|19|Y|BLACK||F    65XX|N|SEELEY AVE
HZ373170|31-Jul-16|18|Y|BLACK||F    13XX|N|LAVERGNE AVE
HZ372606|31-Jul-16|||||37XX|N|MOZART ST
HZ372857|31-Jul-16|||||36XX|W|FILLMORE ST
HZ372878|31-Jul-16|17|Y|BLACK||F    14XX|S|HOMAN AVE
HZ372478|31-Jul-16|15|Y|HISPANIC||F    61XX|S|MONITOR AVE
HZ372996|31-Jul-16|||||24XX|N|SOUTHPORT AVE
HZ373169|31-Jul-16|18|Y|BLACK||F    13XX|N|LAVERGNE AVE
HZ373130|31-Jul-16|||||36XX|W|FILLMORE ST
HZ373201|1-Aug-16|17|Y|BLACK||F    49XX|S|MICHIGAN AVE
HZ374043|1-Aug-16|||||3XX|N|CENTRAL AVE
HZ374197|1-Aug-16|||||27XX|W|ARTHUR AVE
HZ374282|1-Aug-16|||||36XX|W|FILLMORE ST
HZ374427|1-Aug-16|||||45XX|N|BEACON ST
HZ374445|1-Aug-16|||||61XX|W|BARRY AVE
HZ373840|1-Aug-16|||||8XX|W|WELLINGTON AVE
HZ374575|1-Aug-16|14|Y|WHITE||M    24XX|N|LOTUS AVE
